Type,SKU,Name,Published,Is featured?,Visibility in catalog,Short description,Description,Date sale price starts,Date sale price ends,Tax status,Tax class,In stock?,Stock,Low stock amount,Backorders allowed?,Sold individually?,Weight (kg),Length (cm),Width (cm),Height (cm),Allow customer reviews?,Purchase note,Sale price,Regular price,Categories,Tags,Shipping class,Images,Download limit,Download expiry days,Parent,Grouped products,Upsells,Cross-sells,External URL,Button text,Position,Attribute 1 name,Attribute 1 value(s),Attribute 1 visible,Attribute 1 global,Attribute 2 name,Attribute 2 value(s),Attribute 2 visible,Attribute 2 global,Attribute 3 name,Attribute 3 value(s),Attribute 3 visible,Attribute 3 global,Attribute 4 name,Attribute 4 value(s),Attribute 4 visible,Attribute 4 global,Attribute 5 name,Attribute 5 value(s),Attribute 5 visible,Attribute 5 global,Attribute 6 name,Attribute 6 value(s),Attribute 6 visible,Attribute 6 global
simple,,A collector's guide to Chinese dress accessories,1,0,visible,"For the first time, here is a complete guide to Chinese dress accessories worn during the Qing dynasty and the period up to the middle of the twentieth century. The topics covered include headwear, jewelry, collars, xia pei, doudous, purses and fans, footwear and home furnishings. The author also provides readers background on techniques, symbolism, social relationships, and the official regulations governing dress. A valuable reference for students of Chinese history, art lovers, and antique collectors alike.","For the first time, here is a complete guide to Chinese dress accessories worn during the Qing dynasty and the period up to the middle of the twentieth century. The topics covered include headwear, jewelry, collars, xia pei, doudous, purses and fans, footwear and home furnishings. The author also provides readers background on techniques, symbolism, social relationships, and the official regulations governing dress. A valuable reference for students of Chinese history, art lovers, and antique collectors alike.",,,taxable,,1,1,1,0,1,,,,,1,,,0,"Sách về sở thích > Thiết kế, Sách về sở thích","Từ 13 tuổi trở lên,sach-thang-03-2021",,https://lotuscommunity.org.vn/wp-content/uploads/2021/02/A-collector_s-guide-to-Chinese-dress-accessories.jpg,,,,,,,,,0,Tác giả,,1,1,Nhà xuất bản,Marshall Cavendish,1,1,Năm xuất bản,2009,1,1,Giá sách,Giá 31-1,1,1,Vị Trí Sách,Thứ tự 017,1,1,Giá trị sách,"500\,000đ",1,1
simple,,Amazing magic: simple sleight-of-hand,1,0,visible,"This entertaining book introduces aspiring magicians to the tricks that serve as the foundation to the art. These basic sleights of hand teach readers that magic is all about the hand being quicker than the eye. Only basic coin and card tricks are included, making the materials accessible to the most novice of practitioners.","This entertaining book introduces aspiring magicians to the tricks that serve as the foundation to the art. These basic sleights of hand teach readers that magic is all about the hand being quicker than the eye. Only basic coin and card tricks are included, making the materials accessible to the most novice of practitioners.",,,taxable,,1,1,1,0,1,,,,,1,,,0,"Sách học và hoạt động > Hoạt động (7-9 tuổi), Sách học và hoạt động","7-9 tuổi,sach-thang-03-2021",,https://lotuscommunity.org.vn/wp-content/uploads/2021/02/Amazing-magic-simple-sleight-of-hand.jpg,,,,,,,,,0,Tác giả,,1,1,Nhà xuất bản,Rosen Central,1,1,Năm xuất bản,2007,1,1,Giá sách,Giá 24-5,1,1,Vị Trí Sách,Thứ tự 038,1,1,Giá trị sách,"500\,000đ",1,1
simple,,Angry Birds: search and find,1,0,visible,"Packed with amazing artwork of the birds and pigs with endless things to find, this title is sure to keep young minds occupied!","Packed with amazing artwork of the birds and pigs with endless things to find, this title is sure to keep young minds occupied!",,,taxable,,1,1,1,0,1,,,,,1,,,0,"Sách học và hoạt động > Hoạt động (0-6 tuổi), Sách học và hoạt động","0-6 tuổi,sach-thang-03-2021",,https://lotuscommunity.org.vn/wp-content/uploads/2021/02/Angry-Birds-search-and-find.jpg,,,,,,,,,0,Tác giả,,1,1,Nhà xuất bản,Egmont Books Ltd,1,1,Năm xuất bản,2013,1,1,Giá sách,Giá 24-4,1,1,Vị Trí Sách,Thứ tự 034,1,1,Giá trị sách,"500\,000đ",1,1
simple,,Angry Birds: Stella: super interactive annual 2015,1,0,visible,"Angry Birds Stella Super Interactive Annual 2015 is a book about the characters of Angry Birds Stella. Published by Pedigree Books, this book features an Augmented Reality (AR) experience by scanning an indicated Zappar icon on a page using the free AR Zappar mobile app. Oddly, there was not an Angry Birds Stella Super Interactive Annual 2016, even though it was stated that this is an annual for the year 2015. The book is only available in English and has 10 Zappar locations, not counting the book's cover. It includes new information regarding Stella, her flock, and Gale such as facts, likes, and their personalities.","Angry Birds Stella Super Interactive Annual 2015 is a book about the characters of Angry Birds Stella. Published by Pedigree Books, this book features an Augmented Reality (AR) experience by scanning an indicated Zappar icon on a page using the free AR Zappar mobile app. Oddly, there was not an Angry Birds Stella Super Interactive Annual 2016, even though it was stated that this is an annual for the year 2015. The book is only available in English and has 10 Zappar locations, not counting the book's cover. It includes new information regarding Stella, her flock, and Gale such as facts, likes, and their personalities.",,,taxable,,1,1,1,0,1,,,,,1,,,0,"Sách học và hoạt động > Hoạt động (7-9 tuổi), Sách học và hoạt động","7-9 tuổi,sach-thang-03-2021",,https://lotuscommunity.org.vn/wp-content/uploads/2021/02/Angry-Birds-Stella-super-interactive-annual-2015.jpg,,,,,,,,,0,Tác giả,,1,1,Nhà xuất bản,Pedigree Books LTD,1,1,Năm xuất bản,2014,1,1,Giá sách,Giá 24-6,1,1,Vị Trí Sách,Thứ tự 003,1,1,Giá trị sách,"500\,000đ",1,1
simple,,Angry Birds: Stella: super interactive annual 2015,1,0,visible,"Angry Birds Stella Super Interactive Annual 2015 is a book about the characters of Angry Birds Stella. Published by Pedigree Books, this book features an Augmented Reality (AR) experience by scanning an indicated Zappar icon on a page using the free AR Zappar mobile app. Oddly, there was not an Angry Birds Stella Super Interactive Annual 2016, even though it was stated that this is an annual for the year 2015. The book is only available in English and has 10 Zappar locations, not counting the book's cover. It includes new information regarding Stella, her flock, and Gale such as facts, likes, and their personalities.","Angry Birds Stella Super Interactive Annual 2015 is a book about the characters of Angry Birds Stella. Published by Pedigree Books, this book features an Augmented Reality (AR) experience by scanning an indicated Zappar icon on a page using the free AR Zappar mobile app. Oddly, there was not an Angry Birds Stella Super Interactive Annual 2016, even though it was stated that this is an annual for the year 2015. The book is only available in English and has 10 Zappar locations, not counting the book's cover. It includes new information regarding Stella, her flock, and Gale such as facts, likes, and their personalities.",,,taxable,,1,1,1,0,1,,,,,1,,,0,"Sách học và hoạt động > Hoạt động (7-9 tuổi), Sách học và hoạt động","7-9 tuổi,sach-thang-03-2021",,https://lotuscommunity.org.vn/wp-content/uploads/2021/02/Angry-Birds-Stella-super-interactive-annual-2015.jpg,,,,,,,,,0,Tác giả,,1,1,Nhà xuất bản,Pedigree Books LTD,1,1,Năm xuất bản,2014,1,1,Giá sách,Giá 24-6,1,1,Vị Trí Sách,Thứ tự 002,1,1,Giá trị sách,"500\,000đ",1,1
simple,,Are you there?,1,0,visible,Telephones changed the way the world communicated. Learn how telephones have progressed since the first telephone in 1876.,Telephones changed the way the world communicated. Learn how telephones have progressed since the first telephone in 1876.,,,taxable,,1,1,1,0,1,,,,,1,,,0,"Sách tham khảo > Phát minh, Sách tham khảo","10-12 tuổi,sach-thang-03-2021",,https://lotuscommunity.org.vn/wp-content/uploads/2021/02/Are-you-there.jpg,,,,,,,,,0,Tác giả,,1,1,Nhà xuất bản,Macmillan Education,1,1,Năm xuất bản,2009,1,1,Giá sách,Giá 27-3L,1,1,Vị Trí Sách,Thứ tự 034,1,1,Giá trị sách,"500\,000đ",1,1
simple,,Backyard laboratory,1,0,visible,Presents nine experiments designed to help students learn about natural phenomena and the scientific method.,Presents nine experiments designed to help students learn about natural phenomena and the scientific method.,,,taxable,,1,1,1,0,1,,,,,1,,,0,"Sách học và hoạt động > Hoạt động (7-9 tuổi), Sách học và hoạt động","7-9 tuổi,sach-thang-03-2021",,https://lotuscommunity.org.vn/wp-content/uploads/2021/02/Backyard-laboratory.jpg,,,,,,,,,0,Tác giả,,1,1,Nhà xuất bản,Childrens Press,1,1,Năm xuất bản,2007,1,1,Giá sách,Giá 24-5,1,1,Vị Trí Sách,Thứ tự 045,1,1,Giá trị sách,"500\,000đ",1,1
simple,,Big military machines,1,0,visible,"Young readers get the dirt on military machines in BIG MILITARY MACHINES. Simple text and large, colorful photographs put young readers right in the driver’s seat of these powerful machines.","Young readers get the dirt on military machines in BIG MILITARY MACHINES. Simple text and large, colorful photographs put young readers right in the driver’s seat of these powerful machines.",,,taxable,,1,1,1,0,1,,,,,1,,,0,"Sách tham khảo > Phát minh, Sách tham khảo","10-12 tuổi,sach-thang-03-2021",,https://lotuscommunity.org.vn/wp-content/uploads/2021/02/Big-military-machines.jpg,,,,,,,,,0,Tác giả,,1,1,Nhà xuất bản,Enslow Elementary,1,1,Năm xuất bản,2013,1,1,Giá sách,Giá 27-4,1,1,Vị Trí Sách,Thứ tự 087,1,1,Giá trị sách,"500\,000đ",1,1
simple,,Brass instruments,1,0,visible,"Explains the history of brass instruments from around the world, while profiling famous musicians.","Explains the history of brass instruments from around the world, while profiling famous musicians.",,,taxable,,1,1,1,0,1,,,,,1,,,0,"Sách tham khảo > Mọi thứ vận hành ra sao, Sách tham khảo","10-12 tuổi,sach-thang-03-2021",,https://lotuscommunity.org.vn/wp-content/uploads/2021/02/Brass-instruments.jpg,,,,,,,,,0,Tác giả,,1,1,Nhà xuất bản,Smart Apple Media,1,1,Năm xuất bản,2012,1,1,Giá sách,Giá 25-4,1,1,Vị Trí Sách,Thứ tự 030,1,1,Giá trị sách,"500\,000đ",1,1
simple,,Bright light: all about types of light,1,0,visible,This title introduces early science concepts using everyday examples to teach young readers how the world around them works. It encourages young readers to develop enquiry by predicting outcomes,This title introduces early science concepts using everyday examples to teach young readers how the world around them works. It encourages young readers to develop enquiry by predicting outcomes,,,taxable,,1,1,1,0,1,,,,,1,,,0,"Sách tham khảo > Mọi thứ vận hành ra sao, Sách tham khảo","10-12 tuổi,sach-thang-03-2021",,https://lotuscommunity.org.vn/wp-content/uploads/2021/02/Bright-light-all-about-types-of-light.jpg,,,,,,,,,0,Tác giả,,1,1,Nhà xuất bản,Franklin Watts,1,1,Năm xuất bản,2009,1,1,Giá sách,Giá 25-5,1,1,Vị Trí Sách,Thứ tự 014,1,1,Giá trị sách,"500\,000đ",1,1
simple,,Cells,1,0,visible,"Key features:
- Topics correlated to the middle school science curriculum
- Text developed in consultation with a science curriculum consultant
- Clear explanations of key scientific concepts
- A wealth of diagrams and other detailed illustrations that aid understanding
- A glossary of key scientific terms
Special Features:
- Diagrams
- Focus boxes
- Glossary and Index
- Sources of further information","Key features:
- Topics correlated to the middle school science curriculum
- Text developed in consultation with a science curriculum consultant
- Clear explanations of key scientific concepts
- A wealth of diagrams and other detailed illustrations that aid understanding
- A glossary of key scientific terms
Special Features:
- Diagrams
- Focus boxes
- Glossary and Index
- Sources of further information",,,taxable,,1,1,1,0,1,,,,,1,,,0,"Sách tham khảo > Phát minh, Sách tham khảo","10-12 tuổi,sach-thang-03-2021",,https://lotuscommunity.org.vn/wp-content/uploads/2021/02/Cells.jpg,,,,,,,,,0,Tác giả,,1,1,Nhà xuất bản,Gareth Stevens Publishing,1,1,Năm xuất bản,2007,1,1,Giá sách,Giá 27-4,1,1,Vị Trí Sách,Thứ tự 057,1,1,Giá trị sách,"500\,000đ",1,1
simple,,Circuits and conductors,1,0,visible,How does electricity flow? What is an insulator? How do batteries work? This book answers all this and more through a stimulating combination of facts and practical investigation.,How does electricity flow? What is an insulator? How do batteries work? This book answers all this and more through a stimulating combination of facts and practical investigation.,,,taxable,,1,1,1,0,1,,,,,1,,,0,"Sách tham khảo > Mọi thứ vận hành ra sao, Sách tham khảo","10-12 tuổi,sach-thang-03-2021",,https://lotuscommunity.org.vn/wp-content/uploads/2021/02/Circuits-and-conductors.jpg,,,,,,,,,0,Tác giả,,1,1,Nhà xuất bản,Franklin Watts,1,1,Năm xuất bản,2011,1,1,Giá sách,Giá 25-5,1,1,Vị Trí Sách,Thứ tự 013,1,1,Giá trị sách,"500\,000đ",1,1
simple,,Circuits and conductors,1,0,visible,How does electricity flow? What is an insulator? How do batteries work? This book answers all this and more through a stimulating combination of facts and practical investigation.,How does electricity flow? What is an insulator? How do batteries work? This book answers all this and more through a stimulating combination of facts and practical investigation.,,,taxable,,1,1,1,0,1,,,,,1,,,0,"Sách tham khảo > Mọi thứ vận hành ra sao, Sách tham khảo","10-12 tuổi,sach-thang-03-2021",,https://lotuscommunity.org.vn/wp-content/uploads/2021/02/Circuits-and-conductors.jpg,,,,,,,,,0,Tác giả,,1,1,Nhà xuất bản,Franklin Watts,1,1,Năm xuất bản,2011,1,1,Giá sách,Giá 25-5,1,1,Vị Trí Sách,Thứ tự 012,1,1,Giá trị sách,"500\,000đ",1,1
simple,,City machines: asphalt pavers,1,0,visible,"Asphalt pavers are used to lay and smooth asphalt on roads, keeping them level and safe for drivers. Straightforward text explains to young readers the components of these machines and the tasks they perform.","Asphalt pavers are used to lay and smooth asphalt on roads, keeping them level and safe for drivers. Straightforward text explains to young readers the components of these machines and the tasks they perform.",,,taxable,,1,1,1,0,1,,,,,1,,,0,"Sách tham khảo > Phát minh, Sách tham khảo","10-12 tuổi,sach-thang-03-2021",,https://lotuscommunity.org.vn/wp-content/uploads/2021/02/City-machines-asphalt-pavers.jpg,,,,,,,,,0,Tác giả,,1,1,Nhà xuất bản,PowerKids Press,1,1,Năm xuất bản,2011,1,1,Giá sách,Giá 27-4,1,1,Vị Trí Sách,Thứ tự 089,1,1,Giá trị sách,"500\,000đ",1,1
simple,,City machines: jackhammers,1,0,visible,"Introduces the jackhammer, discussing the parts of the machine and its purpose.","Introduces the jackhammer, discussing the parts of the machine and its purpose.",,,taxable,,1,1,1,0,1,,,,,1,,,0,"Sách tham khảo > Mọi thứ vận hành ra sao, Sách tham khảo","10-12 tuổi,sach-thang-03-2021",,https://lotuscommunity.org.vn/wp-content/uploads/2021/02/City-machines-jackhammers.jpg,,,,,,,,,0,Tác giả,,1,1,Nhà xuất bản,PowerKids Press,1,1,Năm xuất bản,2011,1,1,Giá sách,Giá 25-5,1,1,Vị Trí Sách,Thứ tự 087,1,1,Giá trị sách,"500\,000đ",1,1
simple,,Codes and codebreaking,1,0,visible,Discusses how codes work and describes how they have been used throughout history to send secret information and how they have been broken.,Discusses how codes work and describes how they have been used throughout history to send secret information and how they have been broken.,,,taxable,,1,1,1,0,1,,,,,1,,,0,"Sách tham khảo > Phát minh, Sách tham khảo","10-12 tuổi,sach-thang-03-2021",,https://lotuscommunity.org.vn/wp-content/uploads/2021/02/Codes-and-codebreaking.jpg,,,,,,,,,0,Tác giả,,1,1,Nhà xuất bản,Smart Apple Media,1,1,Năm xuất bản,2009,1,1,Giá sách,Giá 27-4,1,1,Vị Trí Sách,Thứ tự 006,1,1,Giá trị sách,"500\,000đ",1,1
simple,,Colour create: animals,1,0,visible,"ColourCreate your own zany animals with this innovative activity book. Get started with a how-to section that's bursting with ideas and tricks of the trade, then use the pull-out activity cards and brightly coloured stickers to make your own wacky animals from scratch. When your artwork is complete, use the 3-D glasses to see it spring to life. There are hours of fun to be had with this comprehensive pack.","ColourCreate your own zany animals with this innovative activity book. Get started with a how-to section that's bursting with ideas and tricks of the trade, then use the pull-out activity cards and brightly coloured stickers to make your own wacky animals from scratch. When your artwork is complete, use the 3-D glasses to see it spring to life. There are hours of fun to be had with this comprehensive pack.",,,taxable,,1,1,1,0,1,,,,,1,,,0,"Sách học và hoạt động > Hoạt động (0-6 tuổi), Sách học và hoạt động","0-6 tuổi,sach-thang-03-2021",,https://lotuscommunity.org.vn/wp-content/uploads/2021/02/Colour-create-animals.jpg,,,,,,,,,0,Tác giả,,1,1,Nhà xuất bản,Templar Publishing,1,1,Năm xuất bản,2012,1,1,Giá sách,Giá 24-4,1,1,Vị Trí Sách,Thứ tự 020,1,1,Giá trị sách,"500\,000đ",1,1
simple,,Community maps,1,0,visible,Gives information on types and features of community maps. Includes quizzes and a mapmaking activity,Gives information on types and features of community maps. Includes quizzes and a mapmaking activity,,,taxable,,1,1,1,0,1,,,,,1,,,0,"Sách tham khảo > Mọi thứ vận hành ra sao, Sách tham khảo","10-12 tuổi,sach-thang-03-2021",,https://lotuscommunity.org.vn/wp-content/uploads/2021/02/community-maps.jpg,,,,,,,,,0,Tác giả,,1,1,Nhà xuất bản,Smart Apple Media,1,1,Năm xuất bản,2012,1,1,Giá sách,Giá 25-5,1,1,Vị Trí Sách,Thứ tự 034,1,1,Giá trị sách,"500\,000đ",1,1
simple,,Cool jobs for young entertainers,1,0,visible,"Kids want to make money! This fun and creative title introduces young readers to the idea of working in a format that is easy to read and use. From carnivals to haunted houses, this book contains kid-tested projects that will have children earning money--and loving it! Instructions and photographs guide kids through the process of business plans, safety, marketing, gathering customer information, and providing a product or service. Background information, materials lists, and additional ideas provide a fun and organized approach to the world of work!","Kids want to make money! This fun and creative title introduces young readers to the idea of working in a format that is easy to read and use. From carnivals to haunted houses, this book contains kid-tested projects that will have children earning money--and loving it! Instructions and photographs guide kids through the process of business plans, safety, marketing, gathering customer information, and providing a product or service. Background information, materials lists, and additional ideas provide a fun and organized approach to the world of work!",,,taxable,,1,1,1,0,1,,,,,1,,,0,"Sách học và hoạt động > Hoạt động (7-9 tuổi), Sách học và hoạt động","7-9 tuổi,sach-thang-03-2021",,https://lotuscommunity.org.vn/wp-content/uploads/2021/02/Cool-jobs-for-young-entertainers.jpg,,,,,,,,,0,Tác giả,,1,1,Nhà xuất bản,Checkerboard Books,1,1,Năm xuất bản,2010,1,1,Giá sách,Giá 24-6,1,1,Vị Trí Sách,Thứ tự 045,1,1,Giá trị sách,"500\,000đ",1,1
simple,,Cool sports parties,1,0,visible,"Provides ideas and advice on planning a sports party, covering the basics of party planning, and discussing decorations, invitations, favors, menus, and activities.","Provides ideas and advice on planning a sports party, covering the basics of party planning, and discussing decorations, invitations, favors, menus, and activities.",,,taxable,,1,1,1,0,1,,,,,1,,,0,"Sách học và hoạt động > Hoạt động (7-9 tuổi), Sách học và hoạt động","7-9 tuổi,sach-thang-03-2021",,https://lotuscommunity.org.vn/wp-content/uploads/2021/02/Cool-sports-parties.jpg,,,,,,,,,0,Tác giả,,1,1,Nhà xuất bản,Abdo Publishing Company,1,1,Năm xuất bản,2011,1,1,Giá sách,Giá 24-6,1,1,Vị Trí Sách,Thứ tự 046,1,1,Giá trị sách,"500\,000đ",1,1
simple,,Crystals,1,0,visible,"The rocks that cover Earths surface wouldn't exist without crystals. Written to support the science national curriculum, this text encourages readers to get up close and personal with the crystals contained in rocks.

Along the way, they'll learn important Earth science skills, such as how crystals form, how to identify crystals based on their physical properties, and where in the world they're found.

The text also teaches readers how we use crystals in everyday life, and what kinds of hobbies and careers involve working with crystals. This information-rich text features engaging images, fact boxes, and sidebars, which offer opportunities for additional learning.","The rocks that cover Earths surface wouldn't exist without crystals. Written to support the science national curriculum, this text encourages readers to get up close and personal with the crystals contained in rocks.

Along the way, they'll learn important Earth science skills, such as how crystals form, how to identify crystals based on their physical properties, and where in the world they're found.

The text also teaches readers how we use crystals in everyday life, and what kinds of hobbies and careers involve working with crystals. This information-rich text features engaging images, fact boxes, and sidebars, which offer opportunities for additional learning.",,,taxable,,1,1,1,0,1,,,,,1,,,0,"Sách tham khảo > Phát minh, Sách tham khảo","10-12 tuổi,sach-thang-03-2021",,https://lotuscommunity.org.vn/wp-content/uploads/2021/02/Crystals.jpg,,,,,,,,,0,Tác giả,,1,1,Nhà xuất bản,PowerKids Press,1,1,Năm xuất bản,2015,1,1,Giá sách,Giá 27-4,1,1,Vị Trí Sách,Thứ tự 045,1,1,Giá trị sách,"500\,000đ",1,1
simple,,Cultivators,1,0,visible,"Between planting and harvesting the fields must be cultivated to keep the ground fertile and ready to produce delicious crops. Cultivators are the invaluable machines that mix the soil and keep weeds at bay. Vivid photographs show cultivators working the fields, while accessible text builds vocabulary while explaining the role of cultivators in agriculture.","Between planting and harvesting the fields must be cultivated to keep the ground fertile and ready to produce delicious crops. Cultivators are the invaluable machines that mix the soil and keep weeds at bay. Vivid photographs show cultivators working the fields, while accessible text builds vocabulary while explaining the role of cultivators in agriculture.",,,taxable,,1,1,1,0,1,,,,,1,,,0,"Sách tham khảo > Phát minh, Sách tham khảo","10-12 tuổi,sach-thang-03-2021",,https://lotuscommunity.org.vn/wp-content/uploads/2021/02/cultivators.jpg,,,,,,,,,0,Tác giả,,1,1,Nhà xuất bản,PowerKids Press,1,1,Năm xuất bản,2011,1,1,Giá sách,Giá 27-3L,1,1,Vị Trí Sách,Thứ tự 047,1,1,Giá trị sách,"500\,000đ",1,1
simple,,Destroy after reading: world of secret codes,1,0,visible,This book discusses secret codes and how they have been used around the world throughout history.,This book discusses secret codes and how they have been used around the world throughout history.,,,taxable,,1,1,1,0,1,,,,,1,,,0,"Sách tham khảo > Phát minh, Sách tham khảo","10-12 tuổi,sach-thang-03-2021",,https://lotuscommunity.org.vn/wp-content/uploads/2021/02/Destroy-after-reading-world-of-secret-codes.jpg,,,,,,,,,0,Tác giả,,1,1,Nhà xuất bản,Raintree,1,1,Năm xuất bản,2010,1,1,Giá sách,Giá 27-3L,1,1,Vị Trí Sách,Thứ tự 024,1,1,Giá trị sách,"500\,000đ",1,1
simple,,DNA,1,0,visible,"All life starts with a set of instructions that can turn basic cells into hearts, tails, flower petals, or toenails. DNA is the amazing code of life that is found in every organism. Through colorful photos, diagrams, and text, you can learn how DNA is passed from cell to cell, controlling growth and change in all living things. Find out how we can use the properties of DNA to save endangered animals and even to catch criminals!","All life starts with a set of instructions that can turn basic cells into hearts, tails, flower petals, or toenails. DNA is the amazing code of life that is found in every organism. Through colorful photos, diagrams, and text, you can learn how DNA is passed from cell to cell, controlling growth and change in all living things. Find out how we can use the properties of DNA to save endangered animals and even to catch criminals!",,,taxable,,1,1,1,0,1,,,,,1,,,0,"Sách tham khảo > Phát minh, Sách tham khảo","10-12 tuổi,sach-thang-03-2021",,https://lotuscommunity.org.vn/wp-content/uploads/2021/02/DNA.jpg,,,,,,,,,0,Tác giả,,1,1,Nhà xuất bản,Crabtree Publishing Company,1,1,Năm xuất bản,2009,1,1,Giá sách,Giá 27-4,1,1,Vị Trí Sách,Thứ tự 010,1,1,Giá trị sách,"500\,000đ",1,1
simple,,Does it bend: all about stretchy materials,1,0,visible,"Featuring simple experiments, this book explores the properties and uses of materials.","Featuring simple experiments, this book explores the properties and uses of materials.",,,taxable,,1,1,1,0,1,,,,,1,,,0,"Sách tham khảo > Mọi thứ vận hành ra sao, Sách tham khảo","10-12 tuổi,sach-thang-03-2021",,https://lotuscommunity.org.vn/wp-content/uploads/2021/02/Does-it-bend-all-about-stretchy-materials.jpg,,,,,,,,,0,Tác giả,,1,1,Nhà xuất bản,Franklin Watts,1,1,Năm xuất bản,2009,1,1,Giá sách,Giá 25-5,1,1,Vị Trí Sách,Thứ tự 017,1,1,Giá trị sách,"500\,000đ",1,1
simple,,Does it really take seven years to digest swallowed gum?,1,0,visible,"It takes seven years to digest swallowed gum. A penny placed on a train track can cause a train to derail. The average human consumes four spiders per year while sleeping. You may have heard some of these common sayings or beliefs before. But are they really true? Can they be proven using science? Let’s investigate seventeen statements about familiar items and everyday events and find out which ones are right, which ones are wrong, and which ones still stump scientists! Find out whether eggs will really stand on their ends during the vernal equinox! Discover whether it’s true that you can swing 360 degrees on a swing set! See if you can tell the difference between fact and fiction with Is That a Fact?","It takes seven years to digest swallowed gum. A penny placed on a train track can cause a train to derail. The average human consumes four spiders per year while sleeping. You may have heard some of these common sayings or beliefs before. But are they really true? Can they be proven using science? Let’s investigate seventeen statements about familiar items and everyday events and find out which ones are right, which ones are wrong, and which ones still stump scientists! Find out whether eggs will really stand on their ends during the vernal equinox! Discover whether it’s true that you can swing 360 degrees on a swing set! See if you can tell the difference between fact and fiction with Is That a Fact?",,,taxable,,1,1,1,0,1,,,,,1,,,0,"Sách tham khảo > Hiểu biết chung, Sách tham khảo","10-12 tuổi,sach-thang-03-2021",,https://lotuscommunity.org.vn/wp-content/uploads/2021/02/Does-it-really-take-seven-years-to-digest-swallowed-gum.jpg,,,,,,,,,0,Tác giả,,1,1,Nhà xuất bản,Lerner Publications,1,1,Năm xuất bản,2010,1,1,Giá sách,Giá 26-2L,1,1,Vị Trí Sách,Thứ tự 012,1,1,Giá trị sách,"500\,000đ",1,1
simple,,Does it soak up water?,1,0,visible,Explores the properties and uses of materials and features simple experiments,Explores the properties and uses of materials and features simple experiments,,,taxable,,1,1,1,0,1,,,,,1,,,0,"Sách tham khảo > Mọi thứ vận hành ra sao, Sách tham khảo","10-12 tuổi,sach-thang-03-2021",,https://lotuscommunity.org.vn/wp-content/uploads/2021/02/Does-it-soak-up-water.jpg,,,,,,,,,0,Tác giả,,1,1,Nhà xuất bản,Franklin Watts,1,1,Năm xuất bản,2009,1,1,Giá sách,Giá 26-4L,1,1,Vị Trí Sách,Thứ tự 015,1,1,Giá trị sách,"500\,000đ",1,1
simple,,Doodle jump,1,0,visible,"Journey up the sheets of graph paper, jumping from one platform to the next, picking up jet packs, avoiding black holes, and blasting bad guys with nose balls along the way. With exclusive info, mazes, stickers, logic puzzles, fun doodle activities, and cool things to make, this book is what doodle jump fans have been waiting for! ","Journey up the sheets of graph paper, jumping from one platform to the next, picking up jet packs, avoiding black holes, and blasting bad guys with nose balls along the way. With exclusive info, mazes, stickers, logic puzzles, fun doodle activities, and cool things to make, this book is what doodle jump fans have been waiting for! ",,,taxable,,1,1,1,0,1,,,,,1,,,0,"Sách học và hoạt động > Hoạt động (7-9 tuổi), Sách học và hoạt động","7-9 tuổi,sach-thang-03-2021",,https://lotuscommunity.org.vn/wp-content/uploads/2021/02/doodle-jump.jpg,,,,,,,,,0,Tác giả,,1,1,Nhà xuất bản,Egmont UK,1,1,Năm xuất bản,2015,1,1,Giá sách,Giá 24-6,1,1,Vị Trí Sách,Thứ tự 025,1,1,Giá trị sách,"500\,000đ",1,1
simple,,Dump trucks,1,0,visible,Text and photographs introduce dump trucks including dump truck parts such as beds and big tires.,Text and photographs introduce dump trucks including dump truck parts such as beds and big tires.,,,taxable,,1,1,1,0,1,,,,,1,,,0,"Sách tham khảo > Phát minh, Sách tham khảo","10-12 tuổi,sach-thang-03-2021",,https://lotuscommunity.org.vn/wp-content/uploads/2021/02/dump-trucks.jpg,,,,,,,,,0,Tác giả,,1,1,Nhà xuất bản,Capstone Press,1,1,Năm xuất bản,2004,1,1,Giá sách,Giá 27-3L,1,1,Vị Trí Sách,Thứ tự 025,1,1,Giá trị sách,"500\,000đ",1,1
simple,,Earth science fair projects,1,0,visible,"From growing crystals to erupting a model volcano, Earth Science features fun earth science experiments that can be used to create an exceptional science fair project.","From growing crystals to erupting a model volcano, Earth Science features fun earth science experiments that can be used to create an exceptional science fair project.",,,taxable,,1,1,1,0,1,,,,,1,,,0,"Sách học và hoạt động > Hoạt động (7-9 tuổi), Sách học và hoạt động","7-9 tuổi,sach-thang-03-2021",,https://lotuscommunity.org.vn/wp-content/uploads/2021/02/earth-science-fair-projects.jpg,,,,,,,,,0,Tác giả,,1,1,Nhà xuất bản,"AV2 Weigl Publishers, Inc.",1,1,Năm xuất bản,2012,1,1,Giá sách,Giá 24-5,1,1,Vị Trí Sách,Thứ tự 006,1,1,Giá trị sách,"500\,000đ",1,1
simple,,Energy,1,0,visible,"The New Technology series is an exciting, up-to-date look at new technology and the effect it is having on the world. Each title looks forward to likely future technological advances that will affect our everyday lives. Today we are facing an energy crisis. We depend on machines, but the fuels they run on are poisoning our planet. As they run out, the cost of those fuels will also increase. But what fuels will we be using in the future? Will renewable sources of power really be able to replace fossil fuels? Will a solar satellite really be able to beam power down to Earth? Will we really develop a clean form of nuclear power? With developments in energy technology, ideas that sound like science fiction today could become reality tomorrow.","The New Technology series is an exciting, up-to-date look at new technology and the effect it is having on the world. Each title looks forward to likely future technological advances that will affect our everyday lives. Today we are facing an energy crisis. We depend on machines, but the fuels they run on are poisoning our planet. As they run out, the cost of those fuels will also increase. But what fuels will we be using in the future? Will renewable sources of power really be able to replace fossil fuels? Will a solar satellite really be able to beam power down to Earth? Will we really develop a clean form of nuclear power? With developments in energy technology, ideas that sound like science fiction today could become reality tomorrow.",,,taxable,,1,1,1,0,1,,,,,1,,,0,"Sách học và hoạt động > Hoạt động (7-9 tuổi), Sách học và hoạt động","7-9 tuổi,sach-thang-03-2021",,https://lotuscommunity.org.vn/wp-content/uploads/2021/02/Energy.jpg,,,,,,,,,0,Tác giả,,1,1,Nhà xuất bản,MMS Gold,1,1,Năm xuất bản,2010,1,1,Giá sách,Giá 24-5,1,1,Vị Trí Sách,Thứ tự 002,1,1,Giá trị sách,"500\,000đ",1,1
simple,,Energy in action: everyday technology,1,0,visible,"Introduces readers to the many different types of energy used in everyday technology, including light, sound, heat, and electrical energies","Introduces readers to the many different types of energy used in everyday technology, including light, sound, heat, and electrical energies",,,taxable,,1,1,1,0,1,,,,,1,,,0,"Sách tham khảo > Mọi thứ vận hành ra sao, Sách tham khảo","10-12 tuổi,sach-thang-03-2021",,https://lotuscommunity.org.vn/wp-content/uploads/2021/02/Energy-in-action-everyday-technology.jpg,,,,,,,,,0,Tác giả,,1,1,Nhà xuất bản,Cavendish Square Publishing,1,1,Năm xuất bản,2011,1,1,Giá sách,Giá 25-4,1,1,Vị Trí Sách,Thứ tự 010,1,1,Giá trị sách,"500\,000đ",1,1
simple,,Experiments with a ruler,1,0,visible,"In this book about rulers you can:
Find out about forces, levers, friction and air pressure
Discover how quickly you react
Make a catapult and much more!

The One-Stop Science series is bursting with ideas for real experiments using everyday objects and materials.","In this book about rulers you can:
Find out about forces, levers, friction and air pressure
Discover how quickly you react
Make a catapult and much more!

The One-Stop Science series is bursting with ideas for real experiments using everyday objects and materials.",,,taxable,,1,1,1,0,1,,,,,1,,,0,"Sách học và hoạt động > Hoạt động (7-9 tuổi), Sách học và hoạt động","7-9 tuổi,sach-thang-03-2021",,https://lotuscommunity.org.vn/wp-content/uploads/2021/02/Experiments-with-a-ruler.jpg,,,,,,,,,0,Tác giả,,1,1,Nhà xuất bản,Franklin Watts,1,1,Năm xuất bản,2011,1,1,Giá sách,Giá 24-5,1,1,Vị Trí Sách,Thứ tự 021,1,1,Giá trị sách,"500\,000đ",1,1
simple,,Experiments with a ruler,1,0,visible,"In this book about rulers you can:
Find out about forces, levers, friction and air pressure
Discover how quickly you react
Make a catapult and much more!

The One-Stop Science series is bursting with ideas for real experiments using everyday objects and materials.","In this book about rulers you can:
Find out about forces, levers, friction and air pressure
Discover how quickly you react
Make a catapult and much more!

The One-Stop Science series is bursting with ideas for real experiments using everyday objects and materials.",,,taxable,,1,1,1,0,1,,,,,1,,,0,"Sách học và hoạt động > Hoạt động (7-9 tuổi), Sách học và hoạt động","7-9 tuổi,sach-thang-03-2021",,https://lotuscommunity.org.vn/wp-content/uploads/2021/02/Experiments-with-a-ruler.jpg,,,,,,,,,0,Tác giả,,1,1,Nhà xuất bản,Franklin Watts,1,1,Năm xuất bản,2011,1,1,Giá sách,Giá 24-5,1,1,Vị Trí Sách,Thứ tự 022,1,1,Giá trị sách,"500\,000đ",1,1
simple,,Experiments with electricity,1,0,visible,"Completely redesigned for today's young investigative reader, True Books are an indispensable addition to any collection. Each book guides readers through the facts that nurture their need to know.","Completely redesigned for today's young investigative reader, True Books are an indispensable addition to any collection. Each book guides readers through the facts that nurture their need to know.",,,taxable,,1,1,1,0,1,,,,,1,,,0,"Sách học và hoạt động > Hoạt động (7-9 tuổi), Sách học và hoạt động","7-9 tuổi,sach-thang-03-2021",,https://lotuscommunity.org.vn/wp-content/uploads/2021/02/Experiments-with-electricity-and-magnetism.jpg,,,,,,,,,0,Tác giả,,1,1,Nhà xuất bản,Children's Press,1,1,Năm xuất bản,2008,1,1,Giá sách,Giá 24-5,1,1,Vị Trí Sách,Thứ tự 023,1,1,Giá trị sách,"500\,000đ",1,1
simple,,Experiments with electricity and magnetism,1,0,visible,"Key features:
- Experiments with easy to follow step-by-step instructions
- Trouble-shooting and safety tips make for mistake-proof learning
- What You Will Need boxes
- Rated by difficulty
- Age appropriate and achievable
- List of goals
- Excellent for practice in procedural and instructional literacy","Key features:
- Experiments with easy to follow step-by-step instructions
- Trouble-shooting and safety tips make for mistake-proof learning
- What You Will Need boxes
- Rated by difficulty
- Age appropriate and achievable
- List of goals
- Excellent for practice in procedural and instructional literacy",,,taxable,,1,1,1,0,1,,,,,1,,,0,"Sách học và hoạt động > Hoạt động (7-9 tuổi), Sách học và hoạt động","7-9 tuổi,sach-thang-03-2021",,https://lotuscommunity.org.vn/wp-content/uploads/2021/02/experiments-with-electricity.jpg,,,,,,,,,0,Tác giả,,1,1,Nhà xuất bản,Gareth Stevens Publishing,1,1,Năm xuất bản,2010,1,1,Giá sách,Giá 24-5,1,1,Vị Trí Sách,Thứ tự 024,1,1,Giá trị sách,"500\,000đ",1,1
simple,,Experiments with force and motion,1,0,visible,"Presents experiments with easy-to-follow instructions that demonstrate the properties of force and motion, including making a lever, measuring elasticity, and observing water density.","Presents experiments with easy-to-follow instructions that demonstrate the properties of force and motion, including making a lever, measuring elasticity, and observing water density.",,,taxable,,1,1,1,0,1,,,,,1,,,0,"Sách tham khảo > Mọi thứ vận hành ra sao, Sách tham khảo","10-12 tuổi,sach-thang-03-2021",,https://lotuscommunity.org.vn/wp-content/uploads/2021/02/experiments-with-force-and-motion.jpg,,,,,,,,,0,Tác giả,,1,1,Nhà xuất bản,Gareth Stevens Pub Learning library,1,1,Năm xuất bản,2010,1,1,Giá sách,Giá 25-4,1,1,Vị Trí Sách,Thứ tự 034,1,1,Giá trị sách,"500\,000đ",1,1
simple,,Experiments with heat,1,0,visible,Kids will learn all about heat through these fun and easy-to-follow experiments.,Kids will learn all about heat through these fun and easy-to-follow experiments.,,,taxable,,1,1,1,0,1,,,,,1,,,0,"Sách học và hoạt động > Hoạt động (7-9 tuổi), Sách học và hoạt động","7-9 tuổi,sach-thang-03-2021",,https://lotuscommunity.org.vn/wp-content/uploads/2021/02/experiments-with-heat.jpg,,,,,,,,,0,Tác giả,,1,1,Nhà xuất bản,PowerKids Press,1,1,Năm xuất bản,2009,1,1,Giá sách,Giá 24-5,1,1,Vị Trí Sách,Thứ tự 025,1,1,Giá trị sách,"500\,000đ",1,1
simple,,Experiments with light and sound,1,0,visible,"Presents over ten experiments demonstrating the properties of light and sound, and explains how these properties work in action.","Presents over ten experiments demonstrating the properties of light and sound, and explains how these properties work in action.",,,taxable,,1,1,1,0,1,,,,,1,,,0,"Sách tham khảo > Mọi thứ vận hành ra sao, Sách tham khảo","10-12 tuổi,sach-thang-03-2021",,https://lotuscommunity.org.vn/wp-content/uploads/2021/02/Experiments-with-light-and-sound.jpg,,,,,,,,,0,Tác giả,,1,1,Nhà xuất bản,PowerKids Press,1,1,Năm xuất bản,2009,1,1,Giá sách,Giá 26-4L,1,1,Vị Trí Sách,Thứ tự 014,1,1,Giá trị sách,"500\,000đ",1,1
simple,,Experiments with light and sound,1,0,visible,"Presents over ten experiments demonstrating the properties of light and sound, and explains how these properties work in action.","Presents over ten experiments demonstrating the properties of light and sound, and explains how these properties work in action.",,,taxable,,1,1,1,0,1,,,,,1,,,0,"Sách tham khảo > Mọi thứ vận hành ra sao, Sách tham khảo","10-12 tuổi,sach-thang-03-2021",,https://lotuscommunity.org.vn/wp-content/uploads/2021/02/Experiments-with-light-and-sound.jpg,,,,,,,,,0,Tác giả,,1,1,Nhà xuất bản,PowerKids Press,1,1,Năm xuất bản,2009,1,1,Giá sách,Giá 26-4L,1,1,Vị Trí Sách,Thứ tự 013,1,1,Giá trị sách,"500\,000đ",1,1
simple,,Experiments with light and sound,1,0,visible,"Presents over ten experiments demonstrating the properties of light and sound, and explains how these properties work in action.","Presents over ten experiments demonstrating the properties of light and sound, and explains how these properties work in action.",,,taxable,,1,1,1,0,1,,,,,1,,,0,"Sách tham khảo > Mọi thứ vận hành ra sao, Sách tham khảo","10-12 tuổi,sach-thang-03-2021",,https://lotuscommunity.org.vn/wp-content/uploads/2021/02/Experiments-with-light-and-sound.jpg,,,,,,,,,0,Tác giả,,1,1,Nhà xuất bản,PowerKids Press,1,1,Năm xuất bản,2009,1,1,Giá sách,Giá 26-4L,1,1,Vị Trí Sách,Thứ tự 012,1,1,Giá trị sách,"500\,000đ",1,1
simple,,Exploring space: rockets,1,0,visible,This series examines the history and science of space exploration. It also delves into the careers and technological advancements associated with this exciting field of study.,This series examines the history and science of space exploration. It also delves into the careers and technological advancements associated with this exciting field of study.,,,taxable,,1,1,1,0,1,,,,,1,,,0,"Sách tham khảo > Phát minh, Sách tham khảo","10-12 tuổi,sach-thang-03-2021",,https://lotuscommunity.org.vn/wp-content/uploads/2021/02/Exploring-space-rockets.jpg,,,,,,,,,0,Tác giả,,1,1,Nhà xuất bản,Weigl,1,1,Năm xuất bản,2017,1,1,Giá sách,Giá 27-4,1,1,Vị Trí Sách,Thứ tự 029,1,1,Giá trị sách,"500\,000đ",1,1
simple,,Extreme lights out,1,0,visible,"Lights Out! tells the astonishing story of survival in the world's harshest habitat - the Arctic's icy lands and frozen seas. See how polar bears, musk oxen and walruses cope with the intense cold, how people live there too and why their world may be doomed 

Extreme! is an action-packed series that brings together incredible tales and secret facts about the most radical things you really want to know - such as how to avoid a shark attack to surviving a snowstorm, or spotting the world's most poisonous snake! Discover the fascinating stories behind how things work and why they happen.","Lights Out! tells the astonishing story of survival in the world's harshest habitat - the Arctic's icy lands and frozen seas. See how polar bears, musk oxen and walruses cope with the intense cold, how people live there too and why their world may be doomed 

Extreme! is an action-packed series that brings together incredible tales and secret facts about the most radical things you really want to know - such as how to avoid a shark attack to surviving a snowstorm, or spotting the world's most poisonous snake! Discover the fascinating stories behind how things work and why they happen.",,,taxable,,1,1,1,0,1,,,,,1,,,0,"Sách tham khảo > Mọi thứ vận hành ra sao, Sách tham khảo","10-12 tuổi,sach-thang-03-2021",,https://lotuscommunity.org.vn/wp-content/uploads/2021/02/Extreme-lights-out.jpg,,,,,,,,,0,Tác giả,,1,1,Nhà xuất bản,A&C Black,1,1,Năm xuất bản,2010,1,1,Giá sách,Giá 25-4,1,1,Vị Trí Sách,Thứ tự 076,1,1,Giá trị sách,"500\,000đ",1,1
simple,,Eye know: light,1,0,visible,"Introduces the concept of light, covering what light is, sunlight, shadows, good and bad light, how our eyes take in light, light sources of the past, electric light, religious festivals involving light, and everyday light.","Introduces the concept of light, covering what light is, sunlight, shadows, good and bad light, how our eyes take in light, light sources of the past, electric light, religious festivals involving light, and everyday light.",,,taxable,,1,1,1,0,1,,,,,1,,,0,"Sách tham khảo > Mọi thứ vận hành ra sao, Sách tham khảo","10-12 tuổi,sach-thang-03-2021",,https://lotuscommunity.org.vn/wp-content/uploads/2021/02/Eye-know-light.jpg,,,,,,,,,0,Tác giả,,1,1,Nhà xuất bản,DK Children,1,1,Năm xuất bản,2006,1,1,Giá sách,Giá 25-4,1,1,Vị Trí Sách,Thứ tự 078,1,1,Giá trị sách,"500\,000đ",1,1
simple,,Fantastic vehicles: emergency rescue,1,0,visible,Are you mad about machines? Then step into the driving seat for some full-throttle fun! This book gives you fantastic facts about ten of the most incredible rescue vehicles in the world.,Are you mad about machines? Then step into the driving seat for some full-throttle fun! This book gives you fantastic facts about ten of the most incredible rescue vehicles in the world.,,,taxable,,1,1,1,0,1,,,,,1,,,0,"Sách tham khảo > Phát minh, Sách tham khảo","10-12 tuổi,sach-thang-03-2021",,https://lotuscommunity.org.vn/wp-content/uploads/2021/02/Fantastic-vehicles-emergency-rescue.jpg,,,,,,,,,0,Tác giả,,1,1,Nhà xuất bản, Ticktock Entertainment Ltd,1,1,Năm xuất bản,2007,1,1,Giá sách,Giá 27-4,1,1,Vị Trí Sách,Thứ tự 050,1,1,Giá trị sách,"500\,000đ",1,1
simple,,Farm machines,1,0,visible,"From simple to complex, small to large, this book introduces children to machines, such as hoes, threshers, and tractors, that are found on farms around the world.","From simple to complex, small to large, this book introduces children to machines, such as hoes, threshers, and tractors, that are found on farms around the world.",,,taxable,,1,1,1,0,1,,,,,1,,,0,"Sách tham khảo > Phát minh, Sách tham khảo","10-12 tuổi,sach-thang-03-2021",,https://lotuscommunity.org.vn/wp-content/uploads/2021/02/farm-machines.jpg,,,,,,,,,0,Tác giả,,1,1,Nhà xuất bản,Heinemann Educational Books,1,1,Năm xuất bản,2010,1,1,Giá sách,Giá 27-4,1,1,Vị Trí Sách,Thứ tự 086,1,1,Giá trị sách,"500\,000đ",1,1
simple,,Fashion fairy princess: jewel forest sticker book,1,0,visible,"Meet the fashion fairy princesses – Violet, Bluebell, Buttercup and Rosa – in an exciting new range of fiction and sticker books. Travel into dream mountain for hours of sticker-dressing and fashion fun! Celebrate the crowning of the Dream Queen, dress up the fairy-princesses, pick a coronation dress, find the magical flowers and much, much more. Includes over 500 hundred reusable colour stickers to dress up the fairies and use throughout the book.","Meet the fashion fairy princesses – Violet, Bluebell, Buttercup and Rosa – in an exciting new range of fiction and sticker books. Travel into dream mountain for hours of sticker-dressing and fashion fun! Celebrate the crowning of the Dream Queen, dress up the fairy-princesses, pick a coronation dress, find the magical flowers and much, much more. Includes over 500 hundred reusable colour stickers to dress up the fairies and use throughout the book.",,,taxable,,1,1,1,0,1,,,,,1,,,0,"Sách học và hoạt động > Hoạt động (7-9 tuổi), Sách học và hoạt động","7-9 tuổi,sach-thang-03-2021",,https://lotuscommunity.org.vn/wp-content/uploads/2021/02/Fashion-fairy-princess-jewel-forest-sticker-book.jpg,,,,,,,,,0,Tác giả,,1,1,Nhà xuất bản,Scholastic,1,1,Năm xuất bản,2018,1,1,Giá sách,Giá 24-6,1,1,Vị Trí Sách,Thứ tự 016,1,1,Giá trị sách,"500\,000đ",1,1
simple,,Forces and how they move things,1,0,visible,"So you want to be a scientist This book is bursting with ideas, investigations and controlled tests- all using everyday objects.","So you want to be a scientist This book is bursting with ideas, investigations and controlled tests- all using everyday objects.",,,taxable,,1,1,1,0,1,,,,,1,,,0,"Sách tham khảo > Mọi thứ vận hành ra sao, Sách tham khảo","10-12 tuổi,sach-thang-03-2021",,https://lotuscommunity.org.vn/wp-content/uploads/2021/02/Forces-and-how-they-move-things.jpg,,,,,,,,,0,Tác giả,,1,1,Nhà xuất bản,Franklin Watts,1,1,Năm xuất bản,2012,1,1,Giá sách,Giá 25-5,1,1,Vị Trí Sách,Thứ tự 011,1,1,Giá trị sách,"500\,000đ",1,1
simple,,From locusts to automobile anti-collision systems,1,0,visible,Learn how scientists were inspired by locusts to create advanced anti-collision systems for automobiles.,Learn how scientists were inspired by locusts to create advanced anti-collision systems for automobiles.,,,taxable,,1,1,1,0,1,,,,,1,,,0,"Sách tham khảo > Phát minh, Sách tham khảo","10-12 tuổi,sach-thang-03-2021",,https://lotuscommunity.org.vn/wp-content/uploads/2021/02/From-locusts-to-automobile-anti-collision-systems.jpg,,,,,,,,,0,Tác giả,,1,1,Nhà xuất bản,Cherry Lake Publishing,1,1,Năm xuất bản,2013,1,1,Giá sách,Giá 27-3L,1,1,Vị Trí Sách,Thứ tự 015,1,1,Giá trị sách,"500\,000đ",1,1
simple,,From woodpeckers to helmets,1,0,visible,"From airplanes to football helmets, some of the greatest inventions of all time have been based on the natural abilities of plants and animals. Readers will learn how some of history's most imaginative inventors were inspired by nature and how their incredible creations continue to improve our lives today. Available in reinforced library and paperback bindings.","From airplanes to football helmets, some of the greatest inventions of all time have been based on the natural abilities of plants and animals. Readers will learn how some of history's most imaginative inventors were inspired by nature and how their incredible creations continue to improve our lives today. Available in reinforced library and paperback bindings.",,,taxable,,1,1,1,0,1,,,,,1,,,0,"Sách tham khảo > Phát minh, Sách tham khảo","10-12 tuổi,sach-thang-03-2021",,https://lotuscommunity.org.vn/wp-content/uploads/2021/02/From-woodpeckers-to-helmets.jpg,,,,,,,,,0,Tác giả,,1,1,Nhà xuất bản,Cherry Lake Publishing,1,1,Năm xuất bản,2012,1,1,Giá sách,Giá 27-4,1,1,Vị Trí Sách,Thứ tự 044,1,1,Giá trị sách,"500\,000đ",1,1
simple,,Gems: nature's jewels: turquoise,1,0,visible,Learn facts about one of the only gems to be mined in North America.,Learn facts about one of the only gems to be mined in North America.,,,taxable,,1,1,1,0,1,,,,,1,,,0,"Sách tham khảo > Phát minh, Sách tham khảo","10-12 tuổi,sach-thang-03-2021",,https://lotuscommunity.org.vn/wp-content/uploads/2021/02/Gems-nature_s-jewels-turquoise.jpg,,,,,,,,,0,Tác giả,,1,1,Nhà xuất bản,Gareth Stevens Publishing,1,1,Năm xuất bản,2011,1,1,Giá sách,Giá 27-4,1,1,Vị Trí Sách,Thứ tự 064,1,1,Giá trị sách,"500\,000đ",1,1
simple,,Give probability a chance,1,0,visible,Likely or unlikely? Possible or impossible? Probability is how likely something is. Will it be rainy or sunny for the party? Where will the spinner land? Read and find out!,Likely or unlikely? Possible or impossible? Probability is how likely something is. Will it be rainy or sunny for the party? Where will the spinner land? Read and find out!,,,taxable,,1,1,1,0,1,,,,,1,,,0,"Sách tham khảo > Mọi thứ vận hành ra sao, Sách tham khảo","10-12 tuổi,sach-thang-03-2021",,https://lotuscommunity.org.vn/wp-content/uploads/2021/02/Give-probability-a-chance.jpg,,,,,,,,,0,Tác giả,,1,1,Nhà xuất bản,Capstone Press,1,1,Năm xuất bản,2012,1,1,Giá sách,Giá 25-5,1,1,Vị Trí Sách,Thứ tự 021,1,1,Giá trị sách,"500\,000đ",1,1
simple,,Go easy on energy,1,0,visible,"We use electricity and other types of energy every day. But did you know that some kinds of energy can make Earth dirty? Join Tyler to learn how we can use energy wisely. Do your part to be a planet protector! Discover how to reduce, reuse, recycle, and more with Tyler and Trina in the Planet Protectors series, part of the Cloverleaf Books(TM) collection. These nonfiction picture books feature kid-friendly text and illustrations to make learning fun!","We use electricity and other types of energy every day. But did you know that some kinds of energy can make Earth dirty? Join Tyler to learn how we can use energy wisely. Do your part to be a planet protector! Discover how to reduce, reuse, recycle, and more with Tyler and Trina in the Planet Protectors series, part of the Cloverleaf Books(TM) collection. These nonfiction picture books feature kid-friendly text and illustrations to make learning fun!",,,taxable,,1,1,1,0,1,,,,,1,,,0,"Sách tham khảo > Mọi thứ vận hành ra sao, Sách tham khảo","10-12 tuổi,sach-thang-03-2021",,https://lotuscommunity.org.vn/wp-content/uploads/2021/02/go-easy-on-energy.jpg,,,,,,,,,0,Tác giả,,1,1,Nhà xuất bản,Millbrook Press,1,1,Năm xuất bản,2011,1,1,Giá sách,Giá 25-5,1,1,Vị Trí Sách,Thứ tự 033,1,1,Giá trị sách,"500\,000đ",1,1
simple,,GPS,1,0,visible,"This book takes a product students are interested in, GPS, and provides them with details on how the product is created in the global market place of the 21st century.","This book takes a product students are interested in, GPS, and provides them with details on how the product is created in the global market place of the 21st century.",,,taxable,,1,1,1,0,1,,,,,1,,,0,"Sách tham khảo > Phát minh, Sách tham khảo","10-12 tuổi,sach-thang-03-2021",,https://lotuscommunity.org.vn/wp-content/uploads/2021/02/GPS.jpg,,,,,,,,,0,Tác giả,,1,1,Nhà xuất bản,Cherry Lake Publishing,1,1,Năm xuất bản,2009,1,1,Giá sách,Giá 27-3L,1,1,Vị Trí Sách,Thứ tự 016,1,1,Giá trị sách,"500\,000đ",1,1
simple,,GPS and computer maps,1,0,visible,"In the high-tech world of today, many of the maps we encounter are GPS maps or computer maps. This informative volume explains how the GPS, or Global Positioning System, works. It discusses how and why the system was developed and how various devices use it. It also covers online map systems, such as Google Maps and MapQuest. The book deals with zooming in and out on such maps. It even explores the advantages and disadvantages of computer and GPS maps in comparison to paper maps.","In the high-tech world of today, many of the maps we encounter are GPS maps or computer maps. This informative volume explains how the GPS, or Global Positioning System, works. It discusses how and why the system was developed and how various devices use it. It also covers online map systems, such as Google Maps and MapQuest. The book deals with zooming in and out on such maps. It even explores the advantages and disadvantages of computer and GPS maps in comparison to paper maps.",,,taxable,,1,1,1,0,1,,,,,1,,,0,"Sách tham khảo > Phát minh, Sách tham khảo","10-12 tuổi,sach-thang-03-2021",,https://lotuscommunity.org.vn/wp-content/uploads/2021/02/GPS-and-computer-maps.jpg,,,,,,,,,0,Tác giả,,1,1,Nhà xuất bản,PowerKids Press,1,1,Năm xuất bản,2012,1,1,Giá sách,Giá 27-4,1,1,Vị Trí Sách,Thứ tự 073,1,1,Giá trị sách,"500\,000đ",1,1
simple,,Graphing with pets,1,0,visible,"Math skills to the 5th degree! Kid friendly, real life situations put math into perspective. Each title uses fun examples to show how much we use math every day! Graphic organizers and problem solving activities aid readers in understanding each concept.","Math skills to the 5th degree! Kid friendly, real life situations put math into perspective. Each title uses fun examples to show how much we use math every day! Graphic organizers and problem solving activities aid readers in understanding each concept.",,,taxable,,1,1,1,0,1,,,,,1,,,0,"Sách tham khảo > Mọi thứ vận hành ra sao, Sách tham khảo","10-12 tuổi,sach-thang-03-2021",,https://lotuscommunity.org.vn/wp-content/uploads/2021/02/Graphing-with-pets.jpg,,,,,,,,,0,Tác giả,,1,1,Nhà xuất bản,Capstone Press,1,1,Năm xuất bản,2011,1,1,Giá sách,Giá 25-5,1,1,Vị Trí Sách,Thứ tự 045,1,1,Giá trị sách,"500\,000đ",1,1
simple,,Horrible science annual 2016,1,0,visible,"The Horrible Science Annual 2015 is crammed full of suffering scientists, amazing activities, explosive experiments and slimy games. Learn all the mind-blowing facts about bloody biology, frightful physics, chaotic chemistry from the award-winning series. It's the annual with the squishy bits left in!","The Horrible Science Annual 2015 is crammed full of suffering scientists, amazing activities, explosive experiments and slimy games. Learn all the mind-blowing facts about bloody biology, frightful physics, chaotic chemistry from the award-winning series. It's the annual with the squishy bits left in!",,,taxable,,1,1,1,0,1,,,,,1,,,0,"Sách học và hoạt động > Hoạt động (7-9 tuổi), Sách học và hoạt động","7-9 tuổi,sach-thang-03-2021",,https://lotuscommunity.org.vn/wp-content/uploads/2021/02/Horrible-science-annual-2016.jpg,,,,,,,,,0,Tác giả,,1,1,Nhà xuất bản,Scholastic Non-Fiction,1,1,Năm xuất bản,2015,1,1,Giá sách,Giá 24-6,1,1,Vị Trí Sách,Thứ tự 033,1,1,Giá trị sách,"500\,000đ",1,1
simple,,Hovercraft,1,0,visible,"Looks at hovercraft, examining how they work, the parts they have, how they are used, and some of their history.","Looks at hovercraft, examining how they work, the parts they have, how they are used, and some of their history.",,,taxable,,1,1,1,0,1,,,,,1,,,0,"Sách tham khảo > Phát minh, Sách tham khảo","10-12 tuổi,sach-thang-03-2021",,https://lotuscommunity.org.vn/wp-content/uploads/2021/02/hovercraft.jpg,,,,,,,,,0,Tác giả,,1,1,Nhà xuất bản,Big Buddy Books,1,1,Năm xuất bản,2011,1,1,Giá sách,Giá 27-4,1,1,Vị Trí Sách,Thứ tự 070,1,1,Giá trị sách,"500\,000đ",1,1
simple,,How did that get to my house: music,1,0,visible,"Learn about how music reaches your home, from recording, to storage to transmissions.","Learn about how music reaches your home, from recording, to storage to transmissions.",,,taxable,,1,1,1,0,1,,,,,1,,,0,"Sách tham khảo > Mọi thứ vận hành ra sao, Sách tham khảo","10-12 tuổi,sach-thang-03-2021",,https://lotuscommunity.org.vn/wp-content/uploads/2021/02/How-did-that-get-to-my-house-music.jpg,,,,,,,,,0,Tác giả,,1,1,Nhà xuất bản,Cherry Lake Publishing,1,1,Năm xuất bản,2009,1,1,Giá sách,Giá 25-5,1,1,Vị Trí Sách,Thứ tự 065,1,1,Giá trị sách,"500\,000đ",1,1
simple,,How did that get to my house: natural gas,1,0,visible,Describes how the natural gas that is used to cook and heat your home is discovered and transported into your home.,Describes how the natural gas that is used to cook and heat your home is discovered and transported into your home.,,,taxable,,1,1,1,0,1,,,,,1,,,0,"Sách tham khảo > Mọi thứ vận hành ra sao, Sách tham khảo","10-12 tuổi,sach-thang-03-2021",,https://lotuscommunity.org.vn/wp-content/uploads/2021/02/How-did-that-get-to-my-house-natural-gas.jpg,,,,,,,,,0,Tác giả,,1,1,Nhà xuất bản,Cherry Lake Publishing,1,1,Năm xuất bản,2009,1,1,Giá sách,Giá 25-5,1,1,Vị Trí Sách,Thứ tự 067,1,1,Giá trị sách,"500\,000đ",1,1
simple,,How did that get to my house: telephone,1,0,visible,Learn about how the telephone works and the history behind the technology.,Learn about how the telephone works and the history behind the technology.,,,taxable,,1,1,1,0,1,,,,,1,,,0,"Sách tham khảo > Phát minh, Sách tham khảo","10-12 tuổi,sach-thang-03-2021",,https://lotuscommunity.org.vn/wp-content/uploads/2021/02/How-did-that-get-to-my-house-telephone.jpg,,,,,,,,,0,Tác giả,,1,1,Nhà xuất bản,Cherry Lake Publishing,1,1,Năm xuất bản,2009,1,1,Giá sách,Giá 27-4,1,1,Vị Trí Sách,Thứ tự 075,1,1,Giá trị sách,"500\,000đ",1,1
simple,,How did that get to my house: telephone,1,0,visible,Learn about how the telephone works and the history behind the technology.,Learn about how the telephone works and the history behind the technology.,,,taxable,,1,1,1,0,1,,,,,1,,,0,"Sách tham khảo > Phát minh, Sách tham khảo","10-12 tuổi,sach-thang-03-2021",,https://lotuscommunity.org.vn/wp-content/uploads/2021/02/How-did-that-get-to-my-house-telephone.jpg,,,,,,,,,0,Tác giả,,1,1,Nhà xuất bản,Cherry Lake Publishing,1,1,Năm xuất bản,2009,1,1,Giá sách,Giá 27-4,1,1,Vị Trí Sách,Thứ tự 071,1,1,Giá trị sách,"500\,000đ",1,1
simple,,How did that get to my table: ketchup,1,0,visible,"With this title, young readers will gain an understanding on how the ketchup they love, is made and how it ends up on their table.","With this title, young readers will gain an understanding on how the ketchup they love, is made and how it ends up on their table.",,,taxable,,1,1,1,0,1,,,,,1,,,0,"Sách tham khảo > Mọi thứ vận hành ra sao, Sách tham khảo","10-12 tuổi,sach-thang-03-2021",,https://lotuscommunity.org.vn/wp-content/uploads/2021/02/How-did-that-get-to-my-table-ketchup.jpg,,,,,,,,,0,Tác giả,,1,1,Nhà xuất bản,Cherry Lake Publishing,1,1,Năm xuất bản,2009,1,1,Giá sách,Giá 25-4,1,1,Vị Trí Sách,Thứ tự 074,1,1,Giá trị sách,"500\,000đ",1,1
simple,,How do cell phones work?,1,0,visible,"Cell phones have changed the way people live, work, and communicate with each other. Since the first handheld phone was created in 1973, cell phones have only increased in popularity. This title delves into the science behind cell phones and the reasons for their popularity, from their portability to unique features, with full-color photographs.","Cell phones have changed the way people live, work, and communicate with each other. Since the first handheld phone was created in 1973, cell phones have only increased in popularity. This title delves into the science behind cell phones and the reasons for their popularity, from their portability to unique features, with full-color photographs.",,,taxable,,1,1,1,0,1,,,,,1,,,0,"Sách tham khảo > Phát minh, Sách tham khảo","10-12 tuổi,sach-thang-03-2021",,https://lotuscommunity.org.vn/wp-content/uploads/2021/02/How-do-cell-phones-work.jpg,,,,,,,,,0,Tác giả,,1,1,Nhà xuất bản,Chelsea Clubhouse,1,1,Năm xuất bản,2009,1,1,Giá sách,Giá 27-3L,1,1,Vị Trí Sách,Thứ tự 021,1,1,Giá trị sách,"500\,000đ",1,1
simple,,How does a helicopter work?,1,0,visible,"This book looks at the aerodynamics of helicopters and some of the latest models, and is fully loaded with fun features such as sidebars, fact boxes, and cool cutaways.","This book looks at the aerodynamics of helicopters and some of the latest models, and is fully loaded with fun features such as sidebars, fact boxes, and cool cutaways.",,,taxable,,1,1,1,0,1,,,,,1,,,0,"Sách tham khảo > Phát minh, Sách tham khảo","10-12 tuổi,sach-thang-03-2021",,https://lotuscommunity.org.vn/wp-content/uploads/2021/02/How-Does-a-Helicopter-Work.jpg,,,,,,,,,0,Tác giả,,1,1,Nhà xuất bản,Gareth Stevens Publishing,1,1,Năm xuất bản,2010,1,1,Giá sách,Giá 27-3L,1,1,Vị Trí Sách,Thứ tự 009,1,1,Giá trị sách,"500\,000đ",1,1
simple,,How does a jet plane work?,1,0,visible,"Extremely detailed diagrams with labeling that explains each part's function
- ""Fast Facts"" and ""Fun Fact"" boxes offer additional information on the machine
- ""That's amazing!"" boxes present astounding facts
- ""Try for Yourself"" problem-solving sidebars
- Incredible cutaways provide unique perspectives into the inner workings of each device","Extremely detailed diagrams with labeling that explains each part's function
- ""Fast Facts"" and ""Fun Fact"" boxes offer additional information on the machine
- ""That's amazing!"" boxes present astounding facts
- ""Try for Yourself"" problem-solving sidebars
- Incredible cutaways provide unique perspectives into the inner workings of each device",,,taxable,,1,1,1,0,1,,,,,1,,,0,"Sách tham khảo > Phát minh, Sách tham khảo","10-12 tuổi,sach-thang-03-2021",,https://lotuscommunity.org.vn/wp-content/uploads/2021/02/How-does-a-jet-plane-work.jpg,,,,,,,,,0,Tác giả,,1,1,Nhà xuất bản,Gareth Stevens Publishing,1,1,Năm xuất bản,2010,1,1,Giá sách,Giá 27-4,1,1,Vị Trí Sách,Thứ tự 033,1,1,Giá trị sách,"500\,000đ",1,1
simple,,How does a waterfall become electricity?,1,0,visible,"What is the world's tallest waterfall? How do dams help generate water power? What happens when a waterwheel spins? This series explores the causes and effects that shape our world. From the underwater volcanoes that sprout into islands, to the rushing waterfalls that spark electric currents, this series demonstrates how both natural and man-made phenomena occur.","What is the world's tallest waterfall? How do dams help generate water power? What happens when a waterwheel spins? This series explores the causes and effects that shape our world. From the underwater volcanoes that sprout into islands, to the rushing waterfalls that spark electric currents, this series demonstrates how both natural and man-made phenomena occur.",,,taxable,,1,1,1,0,1,,,,,1,,,0,"Sách tham khảo > Mọi thứ vận hành ra sao, Sách tham khảo","10-12 tuổi,sach-thang-03-2021",,https://lotuscommunity.org.vn/wp-content/uploads/2021/02/How-does-a-waterfall-become-electricity.jpg,,,,,,,,,0,Tác giả,,1,1,Nhà xuất bản,Raintree,1,1,Năm xuất bản,2009,1,1,Giá sách,Giá 25-5,1,1,Vị Trí Sách,Thứ tự 020,1,1,Giá trị sách,"500\,000đ",1,1
simple,,How does it fly: glider,1,0,visible,Find out how these interesting vehicles can fly without engines.,Find out how these interesting vehicles can fly without engines.,,,taxable,,1,1,1,0,1,,,,,1,,,0,"Sách tham khảo > Mọi thứ vận hành ra sao, Sách tham khảo","10-12 tuổi,sach-thang-03-2021",,https://lotuscommunity.org.vn/wp-content/uploads/2021/02/How-does-it-fly-glider.jpg,,,,,,,,,0,Tác giả,,1,1,Nhà xuất bản,Cherry Lake Publishing,1,1,Năm xuất bản,2013,1,1,Giá sách,Giá 25-5,1,1,Vị Trí Sách,Thứ tự 066,1,1,Giá trị sách,"500\,000đ",1,1
simple,,How does it fly: propeller plane,1,0,visible,The earliest airplanes all used propellers to fly. Find out how these planes work and how they were used.,The earliest airplanes all used propellers to fly. Find out how these planes work and how they were used.,,,taxable,,1,1,1,0,1,,,,,1,,,0,"Sách tham khảo > Phát minh, Sách tham khảo","10-12 tuổi,sach-thang-03-2021",,https://lotuscommunity.org.vn/wp-content/uploads/2021/02/How-does-it-fly-propeller-plane.jpg,,,,,,,,,0,Tác giả,,1,1,Nhà xuất bản,Cherry Lake Publishing,1,1,Năm xuất bản,2013,1,1,Giá sách,Giá 27-4,1,1,Vị Trí Sách,Thứ tự 077,1,1,Giá trị sách,"500\,000đ",1,1
simple,,How far away: comparing trips,1,0,visible,"This series covers the range of math concepts and skills that students are expected to master during second grade. The series moves sequentially through the math curriculum, using practical examples to show how people use math every day in the real world. Each book is leveled to match students' reading skills as they progress through second grade.","This series covers the range of math concepts and skills that students are expected to master during second grade. The series moves sequentially through the math curriculum, using practical examples to show how people use math every day in the real world. Each book is leveled to match students' reading skills as they progress through second grade.",,,taxable,,1,1,1,0,1,,,,,1,,,0,"Sách tham khảo > Mọi thứ vận hành ra sao, Sách tham khảo","10-12 tuổi,sach-thang-03-2021",,https://lotuscommunity.org.vn/wp-content/uploads/2021/02/How-far-away-comparing-trips.jpg,,,,,,,,,0,Tác giả,,1,1,Nhà xuất bản,Weekly Reader Early Learning Library,1,1,Năm xuất bản,2008,1,1,Giá sách,Giá 25-4,1,1,Vị Trí Sách,Thứ tự 083,1,1,Giá trị sách,"500\,000đ",1,1
simple,,How to make a mystery smell balloon,1,0,visible,Simple text and full-color photos instruct readers how to make a mystery smell balloon and explain the science behind the activity,Simple text and full-color photos instruct readers how to make a mystery smell balloon and explain the science behind the activity,,,taxable,,1,1,1,0,1,,,,,1,,,0,"Sách học và hoạt động > Hoạt động (7-9 tuổi), Sách học và hoạt động","7-9 tuổi,sach-thang-03-2021",,https://lotuscommunity.org.vn/wp-content/uploads/2021/02/How-to-make-a-mystery-smell-balloon.jpg,,,,,,,,,0,Tác giả,,1,1,Nhà xuất bản,Capstone Press,1,1,Năm xuất bản,2010,1,1,Giá sách,Giá 24-5,1,1,Vị Trí Sách,Thứ tự 041,1,1,Giá trị sách,"500\,000đ",1,1
simple,,How toys bounce,1,0,visible,"Explains how different pushing and pulling forces help bouncing toys work, and the effect they have on the toy's movements.","Explains how different pushing and pulling forces help bouncing toys work, and the effect they have on the toy's movements.",,,taxable,,1,1,1,0,1,,,,,1,,,0,"Sách tham khảo > Mọi thứ vận hành ra sao, Sách tham khảo","10-12 tuổi,sach-thang-03-2021",,https://lotuscommunity.org.vn/wp-content/uploads/2021/02/How-toys-bounce.jpg,,,,,,,,,0,Tác giả,,1,1,Nhà xuất bản,Smart Apple Media,1,1,Năm xuất bản,2012,1,1,Giá sách,Giá 25-5,1,1,Vị Trí Sách,Thứ tự 074,1,1,Giá trị sách,"500\,000đ",1,1
simple,,How toys float,1,0,visible,Explains how pushing and pulling forces make floating toys move in different ways. Includes an activity and an experiment.,Explains how pushing and pulling forces make floating toys move in different ways. Includes an activity and an experiment.,,,taxable,,1,1,1,0,1,,,,,1,,,0,"Sách tham khảo > Mọi thứ vận hành ra sao, Sách tham khảo","10-12 tuổi,sach-thang-03-2021",,https://lotuscommunity.org.vn/wp-content/uploads/2021/02/How-toys-roll.jpg,,,,,,,,,0,Tác giả,,1,1,Nhà xuất bản,Smart Apple Media,1,1,Năm xuất bản,2012,1,1,Giá sách,Giá 25-5,1,1,Vị Trí Sách,Thứ tự 072,1,1,Giá trị sách,"500\,000đ",1,1
simple,,How toys roll,1,0,visible,"Explains how pushing and pulling forces help wheeled toys move, and how they change the toy's direction or speed.","Explains how pushing and pulling forces help wheeled toys move, and how they change the toy's direction or speed.",,,taxable,,1,1,1,0,1,,,,,1,,,0,"Sách tham khảo > Mọi thứ vận hành ra sao, Sách tham khảo","10-12 tuổi,sach-thang-03-2021",,https://lotuscommunity.org.vn/wp-content/uploads/2021/02/How-toys-roll.jpg,,,,,,,,,0,Tác giả,,1,1,Nhà xuất bản,Smart Apple Media,1,1,Năm xuất bản,2012,1,1,Giá sách,Giá 25-5,1,1,Vị Trí Sách,Thứ tự 085,1,1,Giá trị sách,"500\,000đ",1,1
simple,,How toys roll,1,0,visible,"Explains how pushing and pulling forces help wheeled toys move, and how they change the toy's direction or speed.","Explains how pushing and pulling forces help wheeled toys move, and how they change the toy's direction or speed.",,,taxable,,1,1,1,0,1,,,,,1,,,0,"Sách tham khảo > Mọi thứ vận hành ra sao, Sách tham khảo","10-12 tuổi,sach-thang-03-2021",,https://lotuscommunity.org.vn/wp-content/uploads/2021/02/How-toys-roll.jpg,,,,,,,,,0,Tác giả,,1,1,Nhà xuất bản,Smart Apple Media,1,1,Năm xuất bản,2012,1,1,Giá sách,Giá 25-5,1,1,Vị Trí Sách,Thứ tự 073,1,1,Giá trị sách,"500\,000đ",1,1
simple,,How we use materials: glass,1,0,visible,‘How We Use Glass’ will give you answers to these and many other questions: How do we make glass? What sort of glass do we use to send emails? Why don’t we make buildings out of glass?,‘How We Use Glass’ will give you answers to these and many other questions: How do we make glass? What sort of glass do we use to send emails? Why don’t we make buildings out of glass?,,,taxable,,1,1,1,0,1,,,,,1,,,0,"Sách tham khảo > Mọi thứ vận hành ra sao, Sách tham khảo","10-12 tuổi,sach-thang-03-2021",,https://lotuscommunity.org.vn/wp-content/uploads/2021/02/How-we-use-materials-glass.jpg,,,,,,,,,0,Tác giả,,1,1,Nhà xuất bản,Raintree ,1,1,Năm xuất bản,2005,1,1,Giá sách,Giá 25-5,1,1,Vị Trí Sách,Thứ tự 015,1,1,Giá trị sách,"500\,000đ",1,1
simple,,Huzzah for spring,1,0,visible,"Celebrate spring with Mike the Knight with this interactive coloring and activity book that includes a sheet of stickers!

Join Mike and his sister, Evie, as they play games, collect flowers for their mom, Queen Martha, and have knightly contests in the great outdoors with their friends Trollee, Sparkie, and Squirt. This coloring and activity book comes with a sheet of stickers for even more Mike the Knight fun!
","Celebrate spring with Mike the Knight with this interactive coloring and activity book that includes a sheet of stickers!

Join Mike and his sister, Evie, as they play games, collect flowers for their mom, Queen Martha, and have knightly contests in the great outdoors with their friends Trollee, Sparkie, and Squirt. This coloring and activity book comes with a sheet of stickers for even more Mike the Knight fun!
",,,taxable,,1,1,1,0,1,,,,,1,,,0,"Sách học và hoạt động > Hoạt động (7-9 tuổi), Sách học và hoạt động","7-9 tuổi ,sach-thang-03-2021",,https://lotuscommunity.org.vn/wp-content/uploads/2021/02/Huzzah-for-spring.jpg,,,,,,,,,0,Tác giả,,1,1,Nhà xuất bản,Simon Scribbles,1,1,Năm xuất bản,2014,1,1,Giá sách,Giá 24-6,1,1,Vị Trí Sách,Thứ tự 040,1,1,Giá trị sách,"500\,000đ",1,1
simple,,I use a mouse,1,0,visible,"Early Readers Learn About A Computer Mouse, Keyboard, Monitor And Other Functions Of A Computer.","Early Readers Learn About A Computer Mouse, Keyboard, Monitor And Other Functions Of A Computer.",,,taxable,,1,1,1,0,1,,,,,1,,,0,"Sách tham khảo > Mọi thứ vận hành ra sao, Sách tham khảo","10-12 tuổi,sach-thang-03-2021",,https://lotuscommunity.org.vn/wp-content/uploads/2021/02/I-use-a-mouse.jpg,,,,,,,,,0,Tác giả,,1,1,Nhà xuất bản,Rourke Educational Media,1,1,Năm xuất bản,2013,1,1,Giá sách,Giá 25-5,1,1,Vị Trí Sách,Thứ tự 081,1,1,Giá trị sách,"500\,000đ",1,1
simple,,I'm a scientist: My body,1,0,visible,"Introducing super sized science fun in bite-sized guides!
With fun, age appropriate experiments and lift the flap conclusions, the I'm a Scientist series explains science in easy to grasp terms with simple photographs and illustrations.

Little people can learn amazing facts about their bodies in I'm a Scientist: My Body.","Introducing super sized science fun in bite-sized guides!
With fun, age appropriate experiments and lift the flap conclusions, the I'm a Scientist series explains science in easy to grasp terms with simple photographs and illustrations.

Little people can learn amazing facts about their bodies in I'm a Scientist: My Body.",,,taxable,,1,1,1,0,1,,,,,1,,,0,"Sách học và hoạt động > Hoạt động (7-9 tuổi), Sách học và hoạt động","7-9 tuổi,sach-thang-03-2021",,https://lotuscommunity.org.vn/wp-content/uploads/2021/02/I_m-a-scientist-My-body.jpg,,,,,,,,,0,Tác giả,,1,1,Nhà xuất bản,DK Children,1,1,Năm xuất bản,2011,1,1,Giá sách,Giá 24-6,1,1,Vị Trí Sách,Thứ tự 024,1,1,Giá trị sách,"500\,000đ",1,1
simple,,Indy cars,1,0,visible,"A kindergarten-level introduction to Indy cars, covering their speed, drivers, role in racing sports, and such defining features as wings.","A kindergarten-level introduction to Indy cars, covering their speed, drivers, role in racing sports, and such defining features as wings.",,,taxable,,1,1,1,0,1,,,,,1,,,0,"Sách tham khảo > Phát minh, Sách tham khảo","10-12 tuổi,sach-thang-03-2021",,https://lotuscommunity.org.vn/wp-content/uploads/2021/02/indy-cars.jpg,,,,,,,,,0,Tác giả,,1,1,Nhà xuất bản,The Creative Company,1,1,Năm xuất bản,2010,1,1,Giá sách,Giá 27-3L,1,1,Vị Trí Sách,Thứ tự 017,1,1,Giá trị sách,"500\,000đ",1,1
simple,,Investigating sound,1,0,visible,"People, animals, machines, and wind all make sounds. But have you ever seen how sound waves move? Or made a sound wave bounce?","People, animals, machines, and wind all make sounds. But have you ever seen how sound waves move? Or made a sound wave bounce?",,,taxable,,1,1,1,0,1,,,,,1,,,0,"Sách học và hoạt động > Hoạt động (7-9 tuổi), Sách học và hoạt động","7-9 tuổi,sach-thang-03-2021",,https://lotuscommunity.org.vn/wp-content/uploads/2021/02/Investigating-sound.jpg,,,,,,,,,0,Tác giả,,1,1,Nhà xuất bản,Lerner Publications an imprint of Lerner Publishing,1,1,Năm xuất bản,2010,1,1,Giá sách,Giá 24-5,1,1,Vị Trí Sách,Thứ tự 047,1,1,Giá trị sách,"500\,000đ",1,1
simple,,Investing,1,0,visible,"Knowledge of basic money matters is key to financial security. Everyday Economics provides the foundation for understanding money management.

What are the advantages of investing money? What is the stock exchange? These questions and more are answered in Investing. In addition, readers will learn about interest and the types of investments provided by different companies.","Knowledge of basic money matters is key to financial security. Everyday Economics provides the foundation for understanding money management.

What are the advantages of investing money? What is the stock exchange? These questions and more are answered in Investing. In addition, readers will learn about interest and the types of investments provided by different companies.",,,taxable,,1,1,1,0,1,,,,,1,,,0,"Sách tham khảo > Mọi thứ vận hành ra sao, Sách tham khảo","10-12 tuổi,sach-thang-03-2021",,https://lotuscommunity.org.vn/wp-content/uploads/2021/02/investing.jpg,,,,,,,,,0,Tác giả,,1,1,Nhà xuất bản,Weigl,1,1,Năm xuất bản,2009,1,1,Giá sách,Giá 25-5,1,1,Vị Trí Sách,Thứ tự 024,1,1,Giá trị sách,"500\,000đ",1,1
simple,,Is it heavy or light?,1,0,visible,This title has mass appeal! Colorful images and clear and concise text invite readers to look at the property of weight.,This title has mass appeal! Colorful images and clear and concise text invite readers to look at the property of weight.,,,taxable,,1,1,1,0,1,,,,,1,,,0,"Sách tham khảo > Mọi thứ vận hành ra sao, Sách tham khảo","10-12 tuổi,sach-thang-03-2021",,https://lotuscommunity.org.vn/wp-content/uploads/2021/02/Is-it-heavy-or-light.jpg,,,,,,,,,0,Tác giả,,1,1,Nhà xuất bản,Crabtree Publishing Company,1,1,Năm xuất bản,2009,1,1,Giá sách,Giá 25-5,1,1,Vị Trí Sách,Thứ tự 079,1,1,Giá trị sách,"500\,000đ",1,1
simple,,Is it magnetic or nonmagnetic?,1,0,visible,"Discusses the properties of matter, focusing on whether objects are magnetic or not with definitions and examples to illustrate.","Discusses the properties of matter, focusing on whether objects are magnetic or not with definitions and examples to illustrate.",,,taxable,,1,1,1,0,1,,,,,1,,,0,"Sách tham khảo > Mọi thứ vận hành ra sao, Sách tham khảo","10-12 tuổi,sach-thang-03-2021",,https://lotuscommunity.org.vn/wp-content/uploads/2021/02/Is-it-magnetic-or-nonmagnetic.jpg,,,,,,,,,0,Tác giả,,1,1,Nhà xuất bản,Crabtree Publishing Company,1,1,Năm xuất bản,2012,1,1,Giá sách,Giá 25-5,1,1,Vị Trí Sách,Thứ tự 083,1,1,Giá trị sách,"500\,000đ",1,1
simple,,Junior scientists: experiment with heat,1,0,visible,"Introduces simple scientific principles involving heat, and provides instructions for experiments that can be done at home to prove them.","Introduces simple scientific principles involving heat, and provides instructions for experiments that can be done at home to prove them.",,,taxable,,1,1,1,0,1,,,,,1,,,0,"Sách học và hoạt động > Hoạt động (7-9 tuổi), Sách học và hoạt động","7-9 tuổi,sach-thang-03-2021",,https://lotuscommunity.org.vn/wp-content/uploads/2021/02/Junior-scientists-experiment-with-heat.jpg,,,,,,,,,0,Tác giả,,1,1,Nhà xuất bản,Cherry Lake Publishing,1,1,Năm xuất bản,2010,1,1,Giá sách,Giá 24-6,1,1,Vị Trí Sách,Thứ tự 074,1,1,Giá trị sách,"500\,000đ",1,1
simple,,Junior scientists: experiment with magnets,1,0,visible,Presents experiments and activities that demonstrate the concepts and scientific principles of magnetism.,Presents experiments and activities that demonstrate the concepts and scientific principles of magnetism.,,,taxable,,1,1,1,0,1,,,,,1,,,0,"Sách học và hoạt động > Hoạt động (7-9 tuổi), Sách học và hoạt động","7-9 tuổi,sach-thang-03-2021",,https://lotuscommunity.org.vn/wp-content/uploads/2021/02/Junior-scientists-experiment-with-magnets.jpg,,,,,,,,,0,Tác giả,,1,1,Nhà xuất bản,Cherry Lake Publishing,1,1,Năm xuất bản,2013,1,1,Giá sách,Giá 24-5,1,1,Vị Trí Sách,Thứ tự 036,1,1,Giá trị sách,"500\,000đ",1,1
simple,,Keeping in touch,1,0,visible,dancing penguin singing whales and light-emitting algae- find out about the amazing ways that animals and plants communicate.,dancing penguin singing whales and light-emitting algae- find out about the amazing ways that animals and plants communicate.,,,taxable,,1,1,1,0,1,,,,,1,,,0,"Sách tham khảo > Mọi thứ vận hành ra sao, Sách tham khảo","10-12 tuổi,sach-thang-03-2021",,https://lotuscommunity.org.vn/wp-content/uploads/2021/02/keeping-in-touch.jpg,,,,,,,,,0,Tác giả,,1,1,Nhà xuất bản,Scholastic Academic,1,1,Năm xuất bản,2009,1,1,Giá sách,Giá 25-5,1,1,Vị Trí Sách,Thứ tự 063,1,1,Giá trị sách,"500\,000đ",1,1
simple,,Learn to draw machines,1,0,visible,"Have you always wanted to learn how to draw your favorite machines? Learn to Draw will teach you that and more. Machines features six fun topicsfrom tractors to monster trucks. Start by learning about the machine with vibrant photos and engaging facts. Then, use easy-to-follow diagrams to draw the machine. Go to AV2books.com and use your access code to find instructional videos on how to draw each subject. Learn to Draw makes it fun and easy for beginners to learn about and draw their favorite machines.","Have you always wanted to learn how to draw your favorite machines? Learn to Draw will teach you that and more. Machines features six fun topicsfrom tractors to monster trucks. Start by learning about the machine with vibrant photos and engaging facts. Then, use easy-to-follow diagrams to draw the machine. Go to AV2books.com and use your access code to find instructional videos on how to draw each subject. Learn to Draw makes it fun and easy for beginners to learn about and draw their favorite machines.",,,taxable,,1,1,1,0,1,,,,,1,,,0,"Sách tham khảo > Phát minh, Sách tham khảo","10-12 tuổi,sach-thang-03-2021",,https://lotuscommunity.org.vn/wp-content/uploads/2021/02/Learn-to-draw-machines.jpg,,,,,,,,,0,Tác giả,,1,1,Nhà xuất bản,Weigl Pub Inc,1,1,Năm xuất bản,2011,1,1,Giá sách,Giá 27-4,1,1,Vị Trí Sách,Thứ tự 032,1,1,Giá trị sách,"500\,000đ",1,1
simple,,Let's look at a knife and fork,1,0,visible,Helps young readers discover and understand the world around them. This book is packed with facts and photographs. It encourages children to investigate an object using all of their senses. It takes a familiar item made from a single material and explores the different properties and uses of that material.,Helps young readers discover and understand the world around them. This book is packed with facts and photographs. It encourages children to investigate an object using all of their senses. It takes a familiar item made from a single material and explores the different properties and uses of that material.,,,taxable,,1,1,1,0,1,,,,,1,,,0,"Sách tham khảo > Mọi thứ vận hành ra sao, Sách tham khảo","10-12 tuổi,sach-thang-03-2021",,https://lotuscommunity.org.vn/wp-content/uploads/2021/02/Let_s-look-at-a-knife-and-fork.jpg,,,,,,,,,0,Tác giả,,1,1,Nhà xuất bản,Raintree,1,1,Năm xuất bản,2006,1,1,Giá sách,Giá 25-5,1,1,Vị Trí Sách,Thứ tự 064,1,1,Giá trị sách,"500\,000đ",1,1
simple,,Life science fair projects,1,0,visible,"Get inside tips on how to succeed in a science fair. Each title in Science Fair Projects takes you from project selection to completion. Learn about the scientific method and how to impress the judges as you explore six exciting projects. Then, go online to find fun videos, activities, and even more projects.","Get inside tips on how to succeed in a science fair. Each title in Science Fair Projects takes you from project selection to completion. Learn about the scientific method and how to impress the judges as you explore six exciting projects. Then, go online to find fun videos, activities, and even more projects.",,,taxable,,1,1,1,0,1,,,,,1,,,0,"Sách học và hoạt động > Hoạt động (7-9 tuổi), Sách học và hoạt động","7-9 tuổi,sach-thang-03-2021",,https://lotuscommunity.org.vn/wp-content/uploads/2021/02/life-science-fair-projects.jpg,,,,,,,,,0,Tác giả,,1,1,Nhà xuất bản,Av2 by Weigl,1,1,Năm xuất bản,2012,1,1,Giá sách,Giá 24-6,1,1,Vị Trí Sách,Thứ tự 042,1,1,Giá trị sách,"500\,000đ",1,1
simple,,Light experimenting with science,1,0,visible,"Experiments with light explain shadows and colors, and demonstrate such concepts as reflection and refraction.","Experiments with light explain shadows and colors, and demonstrate such concepts as reflection and refraction.",,,taxable,,1,1,1,0,1,,,,,1,,,0,"Sách tham khảo > Mọi thứ vận hành ra sao, Sách tham khảo","10-12 tuổi,sach-thang-03-2021",,https://lotuscommunity.org.vn/wp-content/uploads/2021/02/Light-experimenting-with-science.jpg,,,,,,,,,0,Tác giả,,1,1,Nhà xuất bản,Lerner Pub Group,1,1,Năm xuất bản,2002,1,1,Giá sách,Giá 25-4,1,1,Vị Trí Sách,Thứ tự 001,1,1,Giá trị sách,"500\,000đ",1,1
simple,,Little Miss Princess: who shall I be today,1,0,visible,"Life in the castle is lots of fun, but sometimes Little Miss Princess dreams of being someone else...Help her dress up in different outfits and see which one you like best!","Life in the castle is lots of fun, but sometimes Little Miss Princess dreams of being someone else...Help her dress up in different outfits and see which one you like best!",,,taxable,,1,1,1,0,1,,,,,1,,,0,"Sách học và hoạt động > Hoạt động (0-6 tuổi), Sách học và hoạt động","0-6 tuổi,sach-thang-03-2021",,https://lotuscommunity.org.vn/wp-content/uploads/2021/02/Little-Miss-Princess-who-shall-I-be-today.jpg,,,,,,,,,0,Tác giả,,1,1,Nhà xuất bản,Egmont,1,1,Năm xuất bản,2013,1,1,Giá sách,Giá 24-4,1,1,Vị Trí Sách,Thứ tự 016,1,1,Giá trị sách,"500\,000đ",1,1
simple,,Little Miss Princess: who shall I be today,1,0,visible,"Life in the castle is lots of fun, but sometimes Little Miss Princess dreams of being someone else...Help her dress up in different outfits and see which one you like best!","Life in the castle is lots of fun, but sometimes Little Miss Princess dreams of being someone else...Help her dress up in different outfits and see which one you like best!",,,taxable,,1,1,1,0,1,,,,,1,,,0,"Sách học và hoạt động > Hoạt động (0-6 tuổi), Sách học và hoạt động","0-6 tuổi,sach-thang-03-2021",,https://lotuscommunity.org.vn/wp-content/uploads/2021/02/Little-Miss-Princess-who-shall-I-be-today.jpg,,,,,,,,,0,Tác giả,,1,1,Nhà xuất bản,Egmont,1,1,Năm xuất bản,2013,1,1,Giá sách,Giá 24-4,1,1,Vị Trí Sách,Thứ tự 004,1,1,Giá trị sách,"500\,000đ",1,1
simple,,Lost sight: true survival stories,1,0,visible,"• A father who was blind has an eye tissue transplant that lets him see for the first time.
• A man whose own body attacked parts of his eye receives artificial coreneascorneas and is able to see again..
• A musician with faulty cells in the retinas of his eyes is given gene therapy to correct his failing vision.

That’s powerful medicine!

Explore the power of medicine through the true stories of people who underwent amazing treatments to regain their sight. Find out how doctors use the latest medical breakthroughs to improve the lives of patients who lost the power to see. You’ll also find tips on eye safety, as well as vivid descriptions of the eye’s many parts and how they work together.","• A father who was blind has an eye tissue transplant that lets him see for the first time.
• A man whose own body attacked parts of his eye receives artificial coreneascorneas and is able to see again..
• A musician with faulty cells in the retinas of his eyes is given gene therapy to correct his failing vision.

That’s powerful medicine!

Explore the power of medicine through the true stories of people who underwent amazing treatments to regain their sight. Find out how doctors use the latest medical breakthroughs to improve the lives of patients who lost the power to see. You’ll also find tips on eye safety, as well as vivid descriptions of the eye’s many parts and how they work together.",,,taxable,,1,1,1,0,1,,,,,1,,,0,"Sách tham khảo > Phát minh, Sách tham khảo","10-12 tuổi,sach-thang-03-2021",,https://lotuscommunity.org.vn/wp-content/uploads/2021/02/Lost-sight-true-survival-stories.jpg,,,,,,,,,0,Tác giả,,1,1,Nhà xuất bản,Lerner Publications,1,1,Năm xuất bản,2010,1,1,Giá sách,Giá 27-4,1,1,Vị Trí Sách,Thứ tự 054,1,1,Giá trị sách,"500\,000đ",1,1
simple,,Magnet power,1,0,visible,Early Readers Investigate Magnets.,Early Readers Investigate Magnets.,,,taxable,,1,1,1,0,1,,,,,1,,,0,"Sách tham khảo > Mọi thứ vận hành ra sao, Sách tham khảo","10-12 tuổi,sach-thang-03-2021",,https://lotuscommunity.org.vn/wp-content/uploads/2021/02/Magnet-power.jpg,,,,,,,,,0,Tác giả,,1,1,Nhà xuất bản,Rourke Educational Media,1,1,Năm xuất bản,2011,1,1,Giá sách,Giá 25-5,1,1,Vị Trí Sách,Thứ tự 080,1,1,Giá trị sách,"500\,000đ",1,1
simple,,"Magnets: pulling together, pushing apart",1,0,visible,"Have you ever wondered what makes magnets work? Magnets, by Natalie M. Rosinsky introduces many different kinds of magnets, such as motors, compasses, and Earth’s magnetic poles. Clear text, vivid illustrations, fun facts, and simple experiments make this book a great introduction to magnets.","Have you ever wondered what makes magnets work? Magnets, by Natalie M. Rosinsky introduces many different kinds of magnets, such as motors, compasses, and Earth’s magnetic poles. Clear text, vivid illustrations, fun facts, and simple experiments make this book a great introduction to magnets.",,,taxable,,1,1,1,0,1,,,,,1,,,0,"Sách tham khảo > Mọi thứ vận hành ra sao, Sách tham khảo","10-12 tuổi,sach-thang-03-2021",,https://lotuscommunity.org.vn/wp-content/uploads/2021/02/Magnets-pulling-together-pushing-apart.jpg,,,,,,,,,0,Tác giả,,1,1,Nhà xuất bản,Picture Window Books,1,1,Năm xuất bản,2002,1,1,Giá sách,Giá 25-5,1,1,Vị Trí Sách,Thứ tự 028,1,1,Giá trị sách,"500\,000đ",1,1
simple,,Make your own books,1,0,visible,"Instill the importance of books by having your readers create all kinds of books. Projects include making a flap book, pop-up book, address book, photo album, and an eco-notebook.","Instill the importance of books by having your readers create all kinds of books. Projects include making a flap book, pop-up book, address book, photo album, and an eco-notebook.",,,taxable,,1,1,1,0,1,,,,,1,,,0,"Sách tham khảo > Phát minh, Sách tham khảo","10-12 tuổi,sach-thang-03-2021",,https://lotuscommunity.org.vn/wp-content/uploads/2021/02/Make-your-own-books.jpg,,,,,,,,,0,Tác giả,,1,1,Nhà xuất bản,PowerKids Press,1,1,Năm xuất bản,2009,1,1,Giá sách,Giá 27-3L,1,1,Vị Trí Sách,Thứ tự 006,1,1,Giá trị sách,"500\,000đ",1,1
simple,,Make your own slippers and shoes,1,0,visible,"Presents instructions for creating several styles of footwear from common craft materials, including sandals, flip-flops, clogs, boots, slippers, and moccasins.","Presents instructions for creating several styles of footwear from common craft materials, including sandals, flip-flops, clogs, boots, slippers, and moccasins.",,,taxable,,1,1,1,0,1,,,,,1,,,0,"Sách tham khảo > Phát minh, Sách tham khảo","10-12 tuổi,sach-thang-03-2021",,https://lotuscommunity.org.vn/wp-content/uploads/2021/02/Make-your-own-slippers-and-shoes.jpg,,,,,,,,,0,Tác giả,,1,1,Nhà xuất bản,PowerKids Press,1,1,Năm xuất bản,2009,1,1,Giá sách,Giá 27-4,1,1,Vị Trí Sách,Thứ tự 016,1,1,Giá trị sách,"500\,000đ",1,1
simple,,Map scales,1,0,visible,"From a map of the world to a map of the zoo, maps of all kinds introduce young explorers to the concept of map scales, taking them step-by-step through the process of finding two points on a map, measuring the distance between them, and using the legend to calculate distance.","From a map of the world to a map of the zoo, maps of all kinds introduce young explorers to the concept of map scales, taking them step-by-step through the process of finding two points on a map, measuring the distance between them, and using the legend to calculate distance.",,,taxable,,1,1,1,0,1,,,,,1,,,0,"Sách tham khảo > Mọi thứ vận hành ra sao, Sách tham khảo","10-12 tuổi,sach-thang-03-2021",,https://lotuscommunity.org.vn/wp-content/uploads/2021/02/Map-scales.jpg,,,,,,,,,0,Tác giả,,1,1,Nhà xuất bản,Children's Press,1,1,Năm xuất bản,2003,1,1,Giá sách,Giá 25-5,1,1,Vị Trí Sách,Thứ tự 092,1,1,Giá trị sách,"500\,000đ",1,1
simple,,Mapping shipwrecks with coordinate planes,1,0,visible,"Look out! Throughout time countless ships have wrecked on the seas and sunk to watery depths. Practicing coordinate knowledge, you will learn how marine technology aids in the exploration and study of amazing shipwrecks.","Look out! Throughout time countless ships have wrecked on the seas and sunk to watery depths. Practicing coordinate knowledge, you will learn how marine technology aids in the exploration and study of amazing shipwrecks.",,,taxable,,1,1,1,0,1,,,,,1,,,0,"Sách tham khảo > Mọi thứ vận hành ra sao, Sách tham khảo","10-12 tuổi,sach-thang-03-2021",,https://lotuscommunity.org.vn/wp-content/uploads/2021/02/Mapping-shipwrecks-with-coordinate-planes.jpg,,,,,,,,,0,Tác giả,,1,1,Nhà xuất bản,Capstone Press,1,1,Năm xuất bản,2011,1,1,Giá sách,Giá 25-5,1,1,Vị Trí Sách,Thứ tự 044,1,1,Giá trị sách,"500\,000đ",1,1
